http://linkedgeodata.org/triplify/node2307063117 	"Botafogo" 	"Rua Humaitá" 	-22.96 	-43.2035
http://linkedgeodata.org/triplify/node2664145535 	"Recreio dos Bandeirantes" 	"Avenida das Américas" 	-23.0131 	-43.4599
http://linkedgeodata.org/triplify/node1870665195 	"Campo Grande" 	"Avenida Cesário de Melo" 	-22.9078 	-43.5626
http://linkedgeodata.org/triplify/node2161772776 	"Centro" 	"Avenida Presidente Vargas" 	-22.9063 	-43.1961
http://linkedgeodata.org/triplify/node2451995784 	"Recreio dos Bandeirantes" 	"Rua Odilon Duarte Braga" 	-23.0125 	-43.4463
http://linkedgeodata.org/triplify/node2568317062 	"Gávea" 	"Rua Professor Manoel Ferreira" 	-22.9765 	-43.2289
http://linkedgeodata.org/triplify/node2568326593 	"Gávea" 	"Rua José Roberto Macedo Soares" 	-22.9738 	-43.2276
http://linkedgeodata.org/triplify/node1307380772 	"Copacabana" 	"Calçadão de Copacabana" 	-22.9844 	-43.1892
http://linkedgeodata.org/triplify/node1342811591 	"Botafogo" 	"Rua Voluntários da Pátria" 	-22.9508 	-43.1831
http://linkedgeodata.org/triplify/node3192316913 	"Vargem Grande" 	"Estrada dos Bandeirantes" 	-22.9769 	-43.4985
http://linkedgeodata.org/triplify/node3270494313 	"Vidigal" 	"Avenida Presidente João Goulart" 	-22.9945 	-43.2376
http://linkedgeodata.org/triplify/node3311079818 	"Barra da Tijuca" 	"Terminal Alvorada" 	-23.0011 	-43.3666
http://linkedgeodata.org/triplify/node3307694806 	"Botafogo" 	"Avenida Repórter Nestor Moreira" 	-22.9491 	-43.1801
http://linkedgeodata.org/triplify/node3334284562 	"Vila Isabel" 	"Rua Oito de Dezembro" 	-22.9094 	-43.2399
http://linkedgeodata.org/triplify/node3338048305 	"Vila Isabel" 	"Rua Oito de Dezembro" 	-22.9103 	-43.2411
http://linkedgeodata.org/triplify/node3359650372 	"Ipanema" 	"Avenida Vieira Souto" 	-22.9863 	-43.2034
http://linkedgeodata.org/triplify/node3360831565 	"Ipanema" 	"Avenida Vieira Souto" 	-22.9861 	-43.2075
http://linkedgeodata.org/triplify/node3391793156 	"Ilha do Governador" 	"Estrada da Cacuia" 	-22.8107 	-43.1876
http://linkedgeodata.org/triplify/node3391965235 	"Ipanema" 	"Rua Vinícius de Moraes" 	-22.9845 	-43.2027
http://linkedgeodata.org/triplify/node3391965239 	"Ipanema" 	"Rua Vinícius de Moraes" 	-22.985 	-43.203
http://linkedgeodata.org/triplify/node3391965242 	"Ipanema" 	"Rua Vinícius de Moraes" 	-22.9849 	-43.2028
http://linkedgeodata.org/triplify/node3391965245 	"Ipanema" 	"Rua Vinícius de Moraes" 	-22.9847 	-43.203
http://linkedgeodata.org/triplify/node3391965246 	"Ipanema" 	"Rua Vinícius de Moraes" 	-22.9846 	-43.2029
http://linkedgeodata.org/triplify/node3391965249 	"Ipanema" 	"Rua Vinícius de Moraes" 	-22.9846 	-43.2027
http://linkedgeodata.org/triplify/node3421834916 	"Jacarepaguá" 	"Estrada dos Bandeirantes" 	-22.9589 	-43.4064
http://linkedgeodata.org/triplify/node3423312653 	"Ilha do Governador" 	"Rua Capitão Barbosa" 	-22.8064 	-43.1819
http://linkedgeodata.org/triplify/node3510666828 	"Alto da Boa Vista" 	"Estrada das Furnas" 	-22.967 	-43.279
http://linkedgeodata.org/triplify/node3510835772 	"Barra da Tijuca" 	"Avenida Érico Veríssimo" 	-23.0103 	-43.3073
http://linkedgeodata.org/triplify/node3611833102 	"Jardim Botânico" 	"Rua Visconde da Graça" 	-22.964 	-43.2179
http://linkedgeodata.org/triplify/node3627326313 	"Copacabana" 	"Rua Domingos Ferreira" 	-22.9732 	-43.1875
http://linkedgeodata.org/triplify/node3765928702 	"Grajau" 	"Rua Uberaba" 	-22.9244 	-43.2578
http://linkedgeodata.org/triplify/node2318491519 	"Ipanema" 	"Rua Vinícius de Moraes" 	-22.9852 	-43.203
http://linkedgeodata.org/triplify/node2318491520 	"Ipanema" 	"Rua Vinícius de Moraes" 	-22.9855 	-43.203
http://linkedgeodata.org/triplify/node2955387058 	"Taquara" 	"Rua Januário Barbosa" 	-22.9183 	-43.3879
http://linkedgeodata.org/triplify/node2966744785 	"Campo Grande" 	"Estrada das Capoeiras" 	-22.8902 	-43.5594
http://linkedgeodata.org/triplify/node3014113348 	"Todos os Santos" 	"Rua José Bonifácio" 	-22.8935 	-43.2829
http://linkedgeodata.org/triplify/node2684462161 	"Recreio dos Bandeirantes" 	"Avenida das Américas" 	-23.0162 	-43.4716
http://linkedgeodata.org/triplify/node2938183005 	"Jacarepaguá" 	"Avenida Ayrton Senna" 	-22.9925 	-43.3667
http://linkedgeodata.org/triplify/node2973399312 	"Centro" 	"Rua do Senado" 	-22.9094 	-43.1855
http://linkedgeodata.org/triplify/node2973399315 	"Centro" 	"Rua do Senado" 	-22.9094 	-43.1853
http://linkedgeodata.org/triplify/node2973399316 	"Centro" 	"Rua do Senado" 	-22.9093 	-43.1852
http://linkedgeodata.org/triplify/node2973399321 	"Centro" 	"Avenida Gomes Freire" 	-22.9092 	-43.1846
http://linkedgeodata.org/triplify/node2973399322 	"Centro" 	"Rua do Senado" 	-22.9093 	-43.1849
http://linkedgeodata.org/triplify/node3323537018 	"Jardim Guanabara" 	"Rua Gaspar Magalhães" 	-22.812 	-43.2082
http://linkedgeodata.org/triplify/node3353308417 	"Lapa" 	"Rua da Lapa" 	-22.9153 	-43.1782
http://linkedgeodata.org/triplify/node3353308418 	"Lapa" 	"Rua da Lapa" 	-22.9155 	-43.1781
http://linkedgeodata.org/triplify/node3427475961 	"Centro" 	"Rua Visconde de Inhaúma" 	-22.8996 	-43.1782
http://linkedgeodata.org/triplify/node342962679 	"Centro" 	"Praça Quinze de Novembro" 	-22.9023 	-43.1726
http://linkedgeodata.org/triplify/node3445445252 	"Tijuca" 	"Rua dos Araújos" 	-22.9268 	-43.227
http://linkedgeodata.org/triplify/node3788281989 	"Realengo" 	"Rua Nilópolis" 	-22.8667 	-43.4418
http://linkedgeodata.org/triplify/node823948169 	"Santa Teresa" 	"Ladeira Laureano" 	-22.9349 	-43.2025
http://linkedgeodata.org/triplify/node823949742 	"Curicica" 	"Rua da Reverência" 	-22.9553 	-43.3904
http://linkedgeodata.org/triplify/node823949933 	"Cosmos" 	"Rua Itambaraçá" 	-22.889 	-43.6016
http://linkedgeodata.org/triplify/node823949983 	"Benfica" 	"Rua Ébano" 	-22.8892 	-43.2358
http://linkedgeodata.org/triplify/node823950036 	"Campo Grande" 	"Rua Amaral Costa" 	-22.9063 	-43.5608
http://linkedgeodata.org/triplify/node823950074 	"Santa Cruz" 	"Rua Severiano das Chagas" 	-22.9162 	-43.6798
http://linkedgeodata.org/triplify/node823950078 	"Benfica" 	"Rua Ébano" 	-22.8896 	-43.2362
http://linkedgeodata.org/triplify/node823950239 	"Vasco da Gama" 	"Rua Ricardo Machado" 	-22.8903 	-43.2301
http://linkedgeodata.org/triplify/node823951367 	"Colégio" 	"Praça Zuinara" 	-22.8383 	-43.343
http://linkedgeodata.org/triplify/node823952433 	"Penha" 	"Rua Santa Engracia" 	-22.8394 	-43.2683
http://linkedgeodata.org/triplify/node823957124 	"Campinho" 	"Rua Domingos Lopes" 	-22.88 	-43.3412
http://linkedgeodata.org/triplify/node2996015010 	"Cidade Nova" 	"Rua Marquês de Pombal" 	-22.9111 	-43.1936
http://linkedgeodata.org/triplify/node3070748625 	"Benfica" 	"Rua Capitão Félix" 	-22.8945 	-43.237
http://linkedgeodata.org/triplify/node3200364054 	"Recreio dos Bandeirantes" 	"Avenida Guiomar Novaes" 	-23.0249 	-43.4818
http://linkedgeodata.org/triplify/node3201916584 	"Recreio dos Bandeirantes" 	"Rua Gilberto Freyre" 	-23.0237 	-43.4912
http://linkedgeodata.org/triplify/node3208364374 	"Madureira" 	"Rua Agostinho Barbalho" 	-22.8746 	-43.342
http://linkedgeodata.org/triplify/node3208365162 	"Madureira" 	"Rua Domingos Lopes" 	-22.8787 	-43.3413
http://linkedgeodata.org/triplify/node3208479100 	"Recreio dos Bandeirantes" 	"Avenida das Américas" 	-23.0159 	-43.4707
http://linkedgeodata.org/triplify/node3224260953 	"Flamengo" 	"Praia do Flamengo" 	-22.9348 	-43.1746
http://linkedgeodata.org/triplify/node3227482006 	"Centro" 	"Avenida Treze de Maio" 	-22.9086 	-43.1779
http://linkedgeodata.org/triplify/node338511246 	"Centro" 	"Rua Gonçalves Dias" 	-22.9048 	-43.179
http://linkedgeodata.org/triplify/node338512236 	"Centro" 	"Rua Gonçalves Dias" 	-22.9046 	-43.1789
http://linkedgeodata.org/triplify/node3398995493 	"Santa Teresa" 	"Rua Almirante Alexandrino" 	-22.9344 	-43.1995
http://linkedgeodata.org/triplify/node3397665978 	"Campo Grande" 	"Rua Artur Rios" 	-22.9018 	-43.544
http://linkedgeodata.org/triplify/node3397667441 	"Senador Vasconcelos" 	"Rua Regina" 	-22.8987 	-43.5396
http://linkedgeodata.org/triplify/node3597541026 	"Encantado" 	"Rua Clarimundo de Melo" 	-22.8958 	-43.3081
http://linkedgeodata.org/triplify/node3597551063 	"Piedade" 	"Rua da Capela" 	-22.8927 	-43.3099
http://linkedgeodata.org/triplify/node3599727580 	"Copacabana" 	"Avenida Nossa Senhora de Copacabana" 	-22.9707 	-43.1868
http://linkedgeodata.org/triplify/node3633734608 	"Cascadura" 	"Rua Padre Telêmaco" 	-22.8841 	-43.3319
http://linkedgeodata.org/triplify/node3670529937 	"Centro" 	"Beco dos Barbeiros" 	-22.9029 	-43.1758
http://linkedgeodata.org/triplify/node3670533926 	"Centro" 	"Avenida Erasmo Braga" 	-22.9058 	-43.1747
http://linkedgeodata.org/triplify/node3764563775 	"Centro" 	"Travessa do Ouvidor" 	-22.9044 	-43.1772
http://linkedgeodata.org/triplify/node3764563776 	"Centro" 	"Travessa do Ouvidor" 	-22.9043 	-43.1773
http://linkedgeodata.org/triplify/node3764563782 	"Centro" 	"Travessa do Ouvidor" 	-22.9038 	-43.1775
http://linkedgeodata.org/triplify/node3764563783 	"Centro" 	"Travessa do Ouvidor" 	-22.9038 	-43.1776
http://linkedgeodata.org/triplify/node3764563784 	"Centro" 	"Travessa do Ouvidor" 	-22.9037 	-43.1776
http://linkedgeodata.org/triplify/node2960515399 	"Jardim América" 	"Praça Soldado Michel Chaib" 	-22.8079 	-43.3214
http://linkedgeodata.org/triplify/node3007565002 	"Botafogo" 	"Rua Dezenove de Fevereiro" 	-22.9542 	-43.1853
http://linkedgeodata.org/triplify/node3007577093 	"Botafogo" 	"Rua Dezenove de Fevereiro" 	-22.9538 	-43.1858
http://linkedgeodata.org/triplify/node3007586661 	"Botafogo" 	"Rua Dezenove de Fevereiro" 	-22.9536 	-43.1862
http://linkedgeodata.org/triplify/node3022277062 	"Benfica" 	"Rua Prefeito Olímpio de Melo" 	-22.8902 	-43.2345
http://linkedgeodata.org/triplify/node3251040072 	"Botafogo" 	"Rua Voluntários da Pátria" 	-22.9506 	-43.1823
http://linkedgeodata.org/triplify/node3252897731 	"Recreio dos Bandeirantes" 	"Avenida das Américas" 	-23.0117 	-43.454
http://linkedgeodata.org/triplify/node3253373549 	"Saude" 	"Rua São Francisco da Prainha" 	-22.8978 	-43.1836
http://linkedgeodata.org/triplify/node3301821798 	"Campo Grande" 	"Rua Victor Alves" 	-22.9005 	-43.5628
http://linkedgeodata.org/triplify/node3304407361 	"Glória" 	"Rua Benjamin Constant" 	-22.9209 	-43.1792
http://linkedgeodata.org/triplify/node3381410784 	"Centro" 	"Rua do Senado" 	-22.9101 	-43.188
http://linkedgeodata.org/triplify/node3381466293 	"Colégio" 	"Estrada do Barro Vermelho" 	-22.8449 	-43.3381
http://linkedgeodata.org/triplify/node3381598866 	"Gávea" 	"Rua José Roberto Macedo Soares" 	-22.9735 	-43.2279
http://linkedgeodata.org/triplify/node3382211153 	"Leme" 	"Avenida Prado Junior" 	-22.9647 	-43.1747
http://linkedgeodata.org/triplify/node3378906484 	"Recreio dos Bandeirantes" 	"Avenida Guiomar Novaes" 	-23.025 	-43.4814
http://linkedgeodata.org/triplify/node3409783245 	"Laranjeiras" 	"Rua Conde de Baependi" 	-22.9328 	-43.1796
http://linkedgeodata.org/triplify/node3465755585 	"Cidade de Deus" 	"Estrada Marechal Miguel Salazar Mendes de Morais" 	-22.9453 	-43.364
http://linkedgeodata.org/triplify/node3569951093 	"Engenho de Dentro" 	"Rua Adolfo Bergamini" 	-22.9019 	-43.2967
http://linkedgeodata.org/triplify/node3661979001 	"Pechincha" 	"Rua Lopo Saraiva" 	-22.9269 	-43.3598
http://linkedgeodata.org/triplify/node3709920611 	"Flamengo" 	"Rua Marquês de Abrantes" 	-22.9352 	-43.1774
http://linkedgeodata.org/triplify/node416166014 	"Botafogo" 	"Rua Professor Alfredo Gomes" 	-22.9478 	-43.1847
http://linkedgeodata.org/triplify/node496189120 	"Vila Isabel" 	"Rua Oito de Dezembro" 	-22.9115 	-43.2433
http://linkedgeodata.org/triplify/node814276688 	"Cidade Nova" 	"Rua Afonso Cavalcanti" 	-22.9112 	-43.2056
http://linkedgeodata.org/triplify/node819646516 	"Praça da Bandeira" 	"Rua Barão de Iguatemi" 	-22.9136 	-43.2152
http://linkedgeodata.org/triplify/node823940216 	"Vicente De Carvalho" 	"Praça Cotegi" 	-22.8569 	-43.3163
http://linkedgeodata.org/triplify/node823942321 	"Santa Cruz" 	"Rua Severiano das Chagas" 	-22.9157 	-43.6798
http://linkedgeodata.org/triplify/node823942456 	"Vicente De Carvalho" 	"Rua Itapuã" 	-22.8564 	-43.3136
http://linkedgeodata.org/triplify/node823943634 	"Penha" 	"Rua Santa Camila Pia" 	-22.8376 	-43.2666
http://linkedgeodata.org/triplify/node823943768 	"Vicente de Carvalho" 	"Avenida Pastor Martin Luther King" 	-22.8588 	-43.3091
http://linkedgeodata.org/triplify/node823943966 	"Campo Grande" 	"Rua Xavier Marques" 	-22.9008 	-43.5505
http://linkedgeodata.org/triplify/node823944133 	"Coelho Neto" 	"Praça Zuinara" 	-22.8386 	-43.3432
http://linkedgeodata.org/triplify/node823944161 	"Benfica" 	"Rua Ademar Cerpa" 	-22.8893 	-43.2422
http://linkedgeodata.org/triplify/node823945134 	"Jacarepaguá" 	"Rua Zumba" 	-22.9517 	-43.3782
http://linkedgeodata.org/triplify/node823945468 	"Cosmos" 	"Rua Coremas" 	-22.8889 	-43.6046
http://linkedgeodata.org/triplify/node823945694 	"Vicente de Carvalho" 	"Rua Carneiro de Mendonça" 	-22.8603 	-43.3184
http://linkedgeodata.org/triplify/node823945756 	"Campo Grande" 	"Rua Barcelos Domingos" 	-22.8977 	-43.5586
http://linkedgeodata.org/triplify/node3287849679 	"Leblon" 	"Rua Dias Ferreira" 	-22.9821 	-43.2245
http://linkedgeodata.org/triplify/node3288872874 	"Botafogo" 	"Rua Muniz Barreto" 	-22.9488 	-43.1841
http://linkedgeodata.org/triplify/node3325185439 	"Vila Isabel" 	"Rua Oito de Dezembro" 	-22.9119 	-43.2432
http://linkedgeodata.org/triplify/node3325443827 	"Flamengo" 	"Avenida Rui Barbosa" 	-22.9418 	-43.1737
http://linkedgeodata.org/triplify/node3347085709 	"Campo Grande" 	"Avenida Manuel Caldeira de Alvarenga" 	-22.8995 	-43.5787
http://linkedgeodata.org/triplify/node3524226294 	"Laranjeiras" 	"Rua Alice" 	-22.9354 	-43.1933
http://linkedgeodata.org/triplify/node3524226295 	"Laranjeiras" 	"Rua Alice" 	-22.9361 	-43.1908
http://linkedgeodata.org/triplify/node427855384 	"Catete" 	"Rua Bento Lisboa" 	-22.9254 	-43.1793
http://linkedgeodata.org/triplify/node3753528499 	"Centro" 	"Rua do Ouvidor" 	-22.9031 	-43.177
http://linkedgeodata.org/triplify/node3753528500 	"Centro" 	"Rua do Ouvidor" 	-22.903 	-43.1769
http://linkedgeodata.org/triplify/node3753528503 	"Centro" 	"Rua do Carmo" 	-22.9029 	-43.1766
http://linkedgeodata.org/triplify/node3360247974 	"Jacarepaguá" 	"Rua Aroazes" 	-22.9711 	-43.3895
http://linkedgeodata.org/triplify/node3360247975 	"Jacarepaguá" 	"Rua Aroazes" 	-22.9709 	-43.3972
http://linkedgeodata.org/triplify/node3307795787 	"Centro" 	"Praça Quinze de Novembro" 	-22.9031 	-43.1745
http://linkedgeodata.org/triplify/node431013592 	"Catete" 	"Rua do Catete" 	-22.9257 	-43.1765
http://linkedgeodata.org/triplify/node3372286336 	"Copacabana" 	"Rua Tonelero" 	-22.9674 	-43.1863
http://linkedgeodata.org/triplify/node2643930697 	"Vila Kosmos" 	"Rua Angaí" 	-22.8518 	-43.3114
http://linkedgeodata.org/triplify/node3449354339 	"Leblon" 	"Rua Carlos Gois" 	-22.9842 	-43.2195
http://linkedgeodata.org/triplify/node559645108 	"Centro" 	"Rua do Passeio" 	-22.9126 	-43.1771
http://linkedgeodata.org/triplify/node2938856492 	"Barra da Tijuca" 	"Av das Américas" 	-22.9995 	-43.379
http://linkedgeodata.org/triplify/node1196686967 		"Avenida Ministro Ivan Lins"
http://linkedgeodata.org/triplify/node1334674611 		"Rua Riachuelo"
http://linkedgeodata.org/triplify/node1546449460 		"Rua Barão de Mesquita"
http://linkedgeodata.org/triplify/node1596349780 		"Praia de Botafogo"
http://linkedgeodata.org/triplify/node1674570306 		"Rua Visconde de Caravelas"
http://linkedgeodata.org/triplify/node1674575356 		"Rua Capitão Salomão"
http://linkedgeodata.org/triplify/node1972492091 		"Rua Jardim Botânico"
http://linkedgeodata.org/triplify/node2380157212 		"Rua Voluntários da Pátria"
http://linkedgeodata.org/triplify/node2468395236 		"Rua Real Grandeza"
http://linkedgeodata.org/triplify/node2569974671 		"Rua Adalberto Ferreira"
http://linkedgeodata.org/triplify/node2594681953 		"Rua General Bandeira de Melo"
http://linkedgeodata.org/triplify/node2610435155 		"Rua Voluntários da Pátria"
http://linkedgeodata.org/triplify/node2612554829 		"Rua Almirante Alexandrino"
http://linkedgeodata.org/triplify/node2666807518 		"Avenida Venezuela"
http://linkedgeodata.org/triplify/node111409315 		"Praça Senador Salgado Filho"
http://linkedgeodata.org/triplify/way290256246 		"Avenida Ayrton Senna"
http://linkedgeodata.org/triplify/node1110773776 		"Rua Nelson Mandela"
http://linkedgeodata.org/triplify/node1187790442 		"Avenida General Osvaldo Cordeiro de Farias"
http://linkedgeodata.org/triplify/node2322559630 		"Rua Conde de Irajá"
http://linkedgeodata.org/triplify/node2399600542 		"Rua Joaquim Palhares"
http://linkedgeodata.org/triplify/node2416313807 		"Rua Machado de Assis"
http://linkedgeodata.org/triplify/node2578649513 		"Rua Bambina"
http://linkedgeodata.org/triplify/node2578649514 		"Rua São Clemente"
http://linkedgeodata.org/triplify/node2578675975 		"Rua Condé de Irajá"
http://linkedgeodata.org/triplify/node2578675976 		"Rua Condé de Irajá"
http://linkedgeodata.org/triplify/node2578675977 		"Rua Voluntários da Pátria"
http://linkedgeodata.org/triplify/node1012821011 		"Rua Senhor dos Passos"
http://linkedgeodata.org/triplify/node1012821116 		"Rua Senhor dos Passos"
http://linkedgeodata.org/triplify/node1012821183 		"Rua Senhor dos Passos"
http://linkedgeodata.org/triplify/node1012821190 		"Rua Senhor dos Passos"
http://linkedgeodata.org/triplify/node1012821259 		"Rua Senhor dos Passos"
http://linkedgeodata.org/triplify/node1012821342 		"Rua Senhor dos Passos"
http://linkedgeodata.org/triplify/node1018080223 		"Rua das Laranjeiras"
http://linkedgeodata.org/triplify/node1162518710 		"Rua Nelson Mandela"
http://linkedgeodata.org/triplify/node1307360944 		"Avenida Atlântica"
http://linkedgeodata.org/triplify/node2014152141 		"Rua Voluntários da Pátria"
http://linkedgeodata.org/triplify/node2014152144 		"Rua Voluntários da Pátria"
http://linkedgeodata.org/triplify/node2014576873 		"Rua Lopes Quintas"
http://linkedgeodata.org/triplify/node2333211873 		"Rua do Senado"
http://linkedgeodata.org/triplify/node1237868298 		"Rua México"
http://linkedgeodata.org/triplify/node1237868307 		"Rua México"
http://linkedgeodata.org/triplify/node1237868309 		"Rua México"
http://linkedgeodata.org/triplify/node1606008554 		"Rua Marquês de Abrantes"
http://linkedgeodata.org/triplify/node1981135245 		"Avenida Monsenhor Felix"
http://linkedgeodata.org/triplify/node2294868386 		"Avenida Rio Branco"
http://linkedgeodata.org/triplify/node2294868393 		"Avenida Rio Branco"
http://linkedgeodata.org/triplify/node2294868399 		"Rua da Quitanda"
http://linkedgeodata.org/triplify/node2294868406 		"Avenida Rio Branco"
http://linkedgeodata.org/triplify/node2295109865 		"Avenida 13 de Maio"
http://linkedgeodata.org/triplify/node2917691942 		"Rodovia Presidente Dutra"
http://linkedgeodata.org/triplify/node3043953752 		"Rua Ubaldino do Amaral"
http://linkedgeodata.org/triplify/node3041651043 		"Rua dos Inválidos"
http://linkedgeodata.org/triplify/node3041651044 		"Rua dos Inválidos"
http://linkedgeodata.org/triplify/node3041651047 		"Rua dos Inválidos"
http://linkedgeodata.org/triplify/node3041719455 		"Rua do Senado"
http://linkedgeodata.org/triplify/node305702343 		"Rua do Catete"
http://linkedgeodata.org/triplify/node3059719325 		"Estrada Curumau"
http://linkedgeodata.org/triplify/node1408494806 		"Rua Silva Jardim"
http://linkedgeodata.org/triplify/node2433364030 		"Avenida Mem de Sá"
http://linkedgeodata.org/triplify/node2632267334 		"Rua Souza Lima"
http://linkedgeodata.org/triplify/node2632272900 		"Avenida Nossa Senhora de Copacabana"
http://linkedgeodata.org/triplify/node3135600519 		"Rua Marquês de São Vicente"
http://linkedgeodata.org/triplify/node3135600523 		"Rua Marquês de São Vicente"
http://linkedgeodata.org/triplify/node3142098791 		"Rua Marquês de São Vicente"
http://linkedgeodata.org/triplify/node3142114820 		"Rua Marquês de São Vicente"
http://linkedgeodata.org/triplify/node3142226955 		"Rua Marquês de São Vicente"
http://linkedgeodata.org/triplify/node3142226961 		"Rua Marquês de São Vicente"
http://linkedgeodata.org/triplify/node3142226962 		"Rua Marquês de São Vicente"
http://linkedgeodata.org/triplify/node3213547662 		"Rua Bento Lisboa"
http://linkedgeodata.org/triplify/node3298426318 		"Avenida Lúcio Costa"
http://linkedgeodata.org/triplify/node339537737 		"Rua dos Arcos"
http://linkedgeodata.org/triplify/node3792731171 		"Rua do Bonfim"
http://linkedgeodata.org/triplify/node401621563 		"Estrada da Gávea"
http://linkedgeodata.org/triplify/node634187599 		"Rua Soriano de Sousa"
http://linkedgeodata.org/triplify/node634187609 		"Rua Pereira Nunes"
http://linkedgeodata.org/triplify/node946673769 		"Rua Buarque de Macedo"
http://linkedgeodata.org/triplify/node946673790 		"Rua Buarque de Macedo"
http://linkedgeodata.org/triplify/node1317669607 		"Rua Sacadura Cabral"
http://linkedgeodata.org/triplify/node1317880568 		"Rua Henrique Novaes"
http://linkedgeodata.org/triplify/node1317975771 		"Avenida Epitácio Pessoa"
http://linkedgeodata.org/triplify/node1317995862 		"Avenida Armando Lombardi"
http://linkedgeodata.org/triplify/node1318003493 		"Avenida Gomes Freire"
http://linkedgeodata.org/triplify/node1318030305 		"Rua Victor Alves"
http://linkedgeodata.org/triplify/node1622794807 		"Rua Pedro Américo"
http://linkedgeodata.org/triplify/node1784173979 		"Rua Soares da Costa"
http://linkedgeodata.org/triplify/node1963006876 		"Rua Nelson Mandela"
http://linkedgeodata.org/triplify/node1963006957 		"Rua Nelson Mandela"
http://linkedgeodata.org/triplify/node1963006975 		"Rua Nelson Mandela"
http://linkedgeodata.org/triplify/node1963017814 		"Rua Nelson Mandela"
http://linkedgeodata.org/triplify/node1963047337 		"Rua Nelson Mandela"
http://linkedgeodata.org/triplify/node1963047338 		"Rua Nelson Mandela"
http://linkedgeodata.org/triplify/node1963047339 		"Rua Nelson Mandela"
http://linkedgeodata.org/triplify/node2081744442 		"Avenida Brasil"
http://linkedgeodata.org/triplify/node2318491526 		"Rua Joana Angélica"
http://linkedgeodata.org/triplify/node2587167188 		"Rua Frei Caneca"
http://linkedgeodata.org/triplify/node2587396521 		"Avenida Monsenhor Félix"
http://linkedgeodata.org/triplify/node2906283847 		"Praia de Botafogo"
http://linkedgeodata.org/triplify/node2954320338 		"Estrada do Rio Grande"
http://linkedgeodata.org/triplify/node2954320339 		"Estrada do Rio Grande"
http://linkedgeodata.org/triplify/node2954320342 		"Rua Salinópolis"
http://linkedgeodata.org/triplify/node2954320344 		"Rua Salinópolis"
http://linkedgeodata.org/triplify/node2954320345 		"Rua Salinópolis"
http://linkedgeodata.org/triplify/node2954320346 		"Avenida dos Mananciais"
http://linkedgeodata.org/triplify/node2954320356 		"Estrada do Rio Grande"
http://linkedgeodata.org/triplify/node2954320358 		"Rua Relvado"
http://linkedgeodata.org/triplify/node2954320359 		"Avenida dos Mananciais"
http://linkedgeodata.org/triplify/node2954320360 		"Rua Relvado"
http://linkedgeodata.org/triplify/node2954320362 		"Estrada do Rio Grande"
http://linkedgeodata.org/triplify/node2954322444 		"Avenida dos Mananciais"
http://linkedgeodata.org/triplify/node2954322451 		"Rua Relvado"
http://linkedgeodata.org/triplify/node2955384321 		"Avenida dos Mananciais"
http://linkedgeodata.org/triplify/node2955384324 		"Avenida dos Mananciais"
http://linkedgeodata.org/triplify/node2955384327 		"Rua Relvado"
http://linkedgeodata.org/triplify/node2955384328 		"Rua Januário Barbosa"
http://linkedgeodata.org/triplify/node2955384330 		"Rua Januário Barbosa"
http://linkedgeodata.org/triplify/node2955387034 		"Avenida dos Mananciais"
http://linkedgeodata.org/triplify/node2955387167 		"Rua Lucaia"
http://linkedgeodata.org/triplify/node2955387215 		"Rua Relvado"
http://linkedgeodata.org/triplify/node2955387251 		"Avenida dos Mananciais"
http://linkedgeodata.org/triplify/node2955387259 		"Avenida dos Mananciais"
http://linkedgeodata.org/triplify/node2955387260 		"Estrada do Rio Grande"
http://linkedgeodata.org/triplify/node2955387264 		"Avenida dos Mananciais"
http://linkedgeodata.org/triplify/node2955387265 		"Avenida dos Mananciais"
http://linkedgeodata.org/triplify/node2955387267 		"Avenida dos Mananciais"
http://linkedgeodata.org/triplify/node2955387272 		"Avenida dos Mananciais"
http://linkedgeodata.org/triplify/node2955387274 		"Rua Relvado"
http://linkedgeodata.org/triplify/node2955387276 		"Rua Salinópolis"
http://linkedgeodata.org/triplify/node2963852566 		"Avenida dos Mananciais"
http://linkedgeodata.org/triplify/node2966929733 		"Rua Ariperana"
http://linkedgeodata.org/triplify/node2966929766 		"Rua Apiacás"
http://linkedgeodata.org/triplify/node2966929773 		"Estrada do Tindiba"
http://linkedgeodata.org/triplify/node2968360617 		"Avenida Nelson Cardoso"
http://linkedgeodata.org/triplify/node2968360625 		"Estrada do Rio Grande"
http://linkedgeodata.org/triplify/node2968360627 		"Avenida dos Mananciais"
http://linkedgeodata.org/triplify/node2976499893 		"Rua do Rezende"
http://linkedgeodata.org/triplify/node2976499894 		"Rua do Rezende"
http://linkedgeodata.org/triplify/node2976499899 		"Avenida Gomes Freire"
http://linkedgeodata.org/triplify/node2976499900 		"Avenida Gomes Freire"
http://linkedgeodata.org/triplify/node2976499901 		"Avenida Gomes Freire"
http://linkedgeodata.org/triplify/node2977712930 		"Rua da Relação"
http://linkedgeodata.org/triplify/node2977712931 		"Avenida Gomes Freire"
http://linkedgeodata.org/triplify/node2977959220 		"Praça da República"
http://linkedgeodata.org/triplify/node2977959221 		"Praça da República"
http://linkedgeodata.org/triplify/node2977959226 		"Rua dos Inválidos"
http://linkedgeodata.org/triplify/node2979176051 		"Rua Salinópolis"
http://linkedgeodata.org/triplify/node2979986452 		"Rua Godofredo Viana"
http://linkedgeodata.org/triplify/node2979986458 		"Rua Bacairis"
http://linkedgeodata.org/triplify/node2639707865 		"Rua Cândido Gaffrée"
http://linkedgeodata.org/triplify/node2723047560 		"Rua do Ouvidor"
http://linkedgeodata.org/triplify/node2804198208 		"Avenida Nossa Senhora de Fátima"
http://linkedgeodata.org/triplify/node2805199706 		"Rua Dias da Cruz"
http://linkedgeodata.org/triplify/node2878118457 		"Avenida Nelson Cardoso"
http://linkedgeodata.org/triplify/node2878118465 		"Estrada dos Bandeirantes"
http://linkedgeodata.org/triplify/node2936286844 		"Avenida dos Mananciais"
http://linkedgeodata.org/triplify/node2970318082 		"Estrada do Tindiba"
http://linkedgeodata.org/triplify/node2970318083 		"Rua Salinópolis"
http://linkedgeodata.org/triplify/node2970318085 		"Estrada do Tindiba"
http://linkedgeodata.org/triplify/node2971562627 		"Estrada do Rio Grande"
http://linkedgeodata.org/triplify/node2971562950 		"Estrada do Rio Grande"
http://linkedgeodata.org/triplify/node2990017524 		"Avenida Presidente Wilson"
http://linkedgeodata.org/triplify/node3002222533 		"Rua Ariperana"
http://linkedgeodata.org/triplify/node345952581 		"Rua das Laranjeiras"
http://linkedgeodata.org/triplify/node345954532 		"Rua das Laranjeiras"
http://linkedgeodata.org/triplify/node3670873499 		"Rua General Caldwell"
http://linkedgeodata.org/triplify/node3670873503 		"Rua General Caldwell"
http://linkedgeodata.org/triplify/node3670882788 		"Rua Amaral"
http://linkedgeodata.org/triplify/node3741588125 		"Rua Barata Ribeiro"
http://linkedgeodata.org/triplify/node3741593725 		"Avenida Nossa Senhora de Copacabana"
http://linkedgeodata.org/triplify/node3742870025 		"Rua Morais e Silva"
http://linkedgeodata.org/triplify/node3740247203 		"Rua Barata Ribeiro"
http://linkedgeodata.org/triplify/node3740247403 		"Rua Barata Ribeiro"
http://linkedgeodata.org/triplify/node3740352925 		"Avenida Nossa Senhora de Copacabana"
http://linkedgeodata.org/triplify/node3740352926 		"Rua Paula Freitas"
http://linkedgeodata.org/triplify/node3740771725 		"Rua Ronald de Carvalho"
http://linkedgeodata.org/triplify/node456173508 		"Rua da Glória"
http://linkedgeodata.org/triplify/node471554401 		"Rua Miguel Lemos"
http://linkedgeodata.org/triplify/node592598107 		"Rua Senador Dantas"
http://linkedgeodata.org/triplify/node592598117 		"Rua Senador Dantas"
http://linkedgeodata.org/triplify/node592598140 		"Rua Senador Dantas"
http://linkedgeodata.org/triplify/node592598147 		"Rua Senador Dantas"
http://linkedgeodata.org/triplify/node708319697 		"Rua das Laranjeiras"
http://linkedgeodata.org/triplify/node765928013 		"Rua Antônio Mendes Campos"
http://linkedgeodata.org/triplify/node823946855 		"Rua Marambaia"
http://linkedgeodata.org/triplify/node823947022 		"Rua José dos Reis"
http://linkedgeodata.org/triplify/node823948160 		"Avenida João Ribeiro"
http://linkedgeodata.org/triplify/node823948485 		"Rua Sidônio Paes"
http://linkedgeodata.org/triplify/node823948575 		"Rua Fausto Laurindo"
http://linkedgeodata.org/triplify/node823948604 		"Rua Calumbi"
http://linkedgeodata.org/triplify/node823948731 		"Rua Vital"
http://linkedgeodata.org/triplify/node823948842 		"Rua Pão de Açúcar"
http://linkedgeodata.org/triplify/node823948856 		"Rua Fortaleza"
http://linkedgeodata.org/triplify/node823949146 		"Praça Miranda Ribeiro"
http://linkedgeodata.org/triplify/node823949432 		"Rua Graça Melo"
http://linkedgeodata.org/triplify/node823949546 		"Rua Caiabu"
http://linkedgeodata.org/triplify/node823949578 		"Avenida Ministro Edgard Romero"
http://linkedgeodata.org/triplify/node823949592 		"Rua Mateus de Andrade"
http://linkedgeodata.org/triplify/node823949614 		"Rua Silva Gomes"
http://linkedgeodata.org/triplify/node823949649 		"Rua Caetano da Silva"
http://linkedgeodata.org/triplify/node823949783 		"Rua Herculano Pena"
http://linkedgeodata.org/triplify/node823949978 		"Avenida Presidente João Goulart"
http://linkedgeodata.org/triplify/node823950016 		"Rua das Laranjeiras"
http://linkedgeodata.org/triplify/node823950055 		"Praça Ibaé"
http://linkedgeodata.org/triplify/node823950059 		"Rua Homem de Melo"
http://linkedgeodata.org/triplify/node823950080 		"Rua Cirne Maia"
http://linkedgeodata.org/triplify/node823950084 		"Rua Ernesto de Souza"
http://linkedgeodata.org/triplify/node823950088 		"Avenida Dom Hélder Câmara"
http://linkedgeodata.org/triplify/node823950093 		"Rua Leopoldino de Oliveira"
http://linkedgeodata.org/triplify/node823950112 		"Rua Ibiá"
http://linkedgeodata.org/triplify/node823950180 		"Praça 15 de Novembro"
http://linkedgeodata.org/triplify/node823950538 		"Praça Carlos Toledo"
http://linkedgeodata.org/triplify/node823950846 		"Rua Antonio Basílio"
http://linkedgeodata.org/triplify/node823950950 		"Rua Moacir de Almeida"
http://linkedgeodata.org/triplify/node823950997 		"Avenida Nossa Senhora de Copacabana"
http://linkedgeodata.org/triplify/node823951050 		"Rua Barão de Ipanema"
http://linkedgeodata.org/triplify/node823951083 		"Avenida Presidente João Goulart"
http://linkedgeodata.org/triplify/node823951104 		"Rua Santo Apiano"
http://linkedgeodata.org/triplify/node823951179 		"Rua Raul Pompéia"
http://linkedgeodata.org/triplify/node823951188 		"Rua Pacheco Leão"
http://linkedgeodata.org/triplify/node823951207 		"Rua Ernesto de Souza"
http://linkedgeodata.org/triplify/node823951214 		"Avenida Presidente João Goulart"
http://linkedgeodata.org/triplify/node823951235 		"Rua Ferreira de Andrade"
http://linkedgeodata.org/triplify/node823951237 		"Rua Joaquim Méier"
http://linkedgeodata.org/triplify/node823951302 		"Rua Souza Cerqueira"
http://linkedgeodata.org/triplify/node823951378 		"Praça Avaí"
http://linkedgeodata.org/triplify/node823951397 		"Avenida Dom Hélder Câmara"
http://linkedgeodata.org/triplify/node823951428 		"Rua Doutor Joviano"
http://linkedgeodata.org/triplify/node823951437 		"Rua Cônego Tobias"
http://linkedgeodata.org/triplify/node823951451 		"Rua Barão do Bom Retiro"
http://linkedgeodata.org/triplify/node823951509 		"Estrada Independência"
http://linkedgeodata.org/triplify/node823951515 		"Rua Ernesto de Souza"
http://linkedgeodata.org/triplify/node823951530 		"Rua Barão da Torre"
http://linkedgeodata.org/triplify/node823951531 		"Rua Corimbo"
http://linkedgeodata.org/triplify/node823951535 		"Estrada Velha da Tijuca"
http://linkedgeodata.org/triplify/node823951542 		"Rua Engenheiro Morsing"
http://linkedgeodata.org/triplify/node823951548 		"Praça Edmundo Rego"
http://linkedgeodata.org/triplify/node823951562 		"Rua Juiz Jorge Salomão"
http://linkedgeodata.org/triplify/node823951566 		"Rua Manuel Correia"
http://linkedgeodata.org/triplify/node823951619 		"Rua Pacheco Leão"
http://linkedgeodata.org/triplify/node823951668 		"Rua Jangadeiros"
http://linkedgeodata.org/triplify/node823951669 		"Rua Barata Ribeiro"
http://linkedgeodata.org/triplify/node823951672 		"Rua Toneleros"
http://linkedgeodata.org/triplify/node823951677 		"Rua Andrade Neves"
http://linkedgeodata.org/triplify/node823951679 		"Praça Almirante Júlio de Noronha"
http://linkedgeodata.org/triplify/node823951718 		"Ladeira Saint Roman"
http://linkedgeodata.org/triplify/node823951730 		"Rua Siqueira Campos"
http://linkedgeodata.org/triplify/node823951736 		"Rua Pacheco Leão"
http://linkedgeodata.org/triplify/node823951746 		"Rua Teófilo Guimarães"
http://linkedgeodata.org/triplify/node823951768 		"Rua Cônego Tobias"
http://linkedgeodata.org/triplify/node823951784 		"Rua Senador Rui Carneiro"
http://linkedgeodata.org/triplify/node823951835 		"Rua Francisco Otaviano"
http://linkedgeodata.org/triplify/node823951839 		"Praça Benedito Cerqueira"
http://linkedgeodata.org/triplify/node823951853 		"Rua Lima Barreto"
http://linkedgeodata.org/triplify/node823951882 		"Avenida Atlântica"
http://linkedgeodata.org/triplify/node823951900 		"Rua Ferreira de Andrade"
http://linkedgeodata.org/triplify/node823951904 		"Rua Jardim Botânico"
http://linkedgeodata.org/triplify/node823952367 		"Estrada da Barra de Guaratiba"
http://linkedgeodata.org/triplify/node823952542 		"Praça Avaí"
http://linkedgeodata.org/triplify/node823957116 		"Rua Marechal Jofre"
http://linkedgeodata.org/triplify/node823957123 		"Rua Reporter Nestor Moreira"
http://linkedgeodata.org/triplify/node823957125 		"Rua Alto da Boa Vista"
http://linkedgeodata.org/triplify/node823957133 		"Praça Eugênio Franco"
http://linkedgeodata.org/triplify/node823957138 		"Praca Senador Salgado Filho"
http://linkedgeodata.org/triplify/node823957141 		"Rua Aristides Caire"
http://linkedgeodata.org/triplify/node823958799 		"Avenida Gomes Freire"
http://linkedgeodata.org/triplify/node823958825 		"Rua General Oswaldo Cordeiro de Faria"
http://linkedgeodata.org/triplify/node823958841 		"Praça da República"
http://linkedgeodata.org/triplify/node823958850 		"Avenida Nossa Senhora de Copacabana"
http://linkedgeodata.org/triplify/node823958855 		"Rua do Lavradio"
http://linkedgeodata.org/triplify/node823958871 		"Rua da Relação"
http://linkedgeodata.org/triplify/node823958881 		"Rua Bambina"
http://linkedgeodata.org/triplify/node823958891 		"Rua da Relação"
http://linkedgeodata.org/triplify/node823958902 		"Avenida Ministro Edgard Romero"
http://linkedgeodata.org/triplify/node823958907 		"Rua Aristides Caire"
http://linkedgeodata.org/triplify/node823958913 		"Rua Sabogi"
http://linkedgeodata.org/triplify/node823958920 		"Avenida Graça Aranha"
http://linkedgeodata.org/triplify/node823958963 		"Rua da Relação"
http://linkedgeodata.org/triplify/node857747396 		"Rua Hilário de Gouveia"
http://linkedgeodata.org/triplify/node868656268 		"Rua do Catete"
http://linkedgeodata.org/triplify/node868656273 		"Rua do Catete"
http://linkedgeodata.org/triplify/node939142115 		"Rua do Catete"
http://linkedgeodata.org/triplify/node939170975 		"Rua Ipiranga"
http://linkedgeodata.org/triplify/node939170976 		"Rua Ipiranga"
http://linkedgeodata.org/triplify/node939170980 		"Rua Ipiranga"
http://linkedgeodata.org/triplify/node939170985 		"Rua Ipiranga"
http://linkedgeodata.org/triplify/node939171014 		"Rua Ipiranga"
http://linkedgeodata.org/triplify/node939191695 		"Rua Senador Corrêa"
http://linkedgeodata.org/triplify/node2780631552 		"Rua Salinópolis"
http://linkedgeodata.org/triplify/node2796410297 		"Rua Muniz Barreto"
http://linkedgeodata.org/triplify/node2982748607 		"Avenida Oscar Niemeyer"
http://linkedgeodata.org/triplify/node338738119 		"Rua do Catete"
http://linkedgeodata.org/triplify/node338738210 		"Rua do Catete"
http://linkedgeodata.org/triplify/node3630509144 		"Rua Bolívar"
http://linkedgeodata.org/triplify/node3630542328 		"Rua Bolívar"
http://linkedgeodata.org/triplify/node527166894 		"Rua Nelson Mandela"
http://linkedgeodata.org/triplify/node2870787177 		"Avenida Geremário Dantas"
http://linkedgeodata.org/triplify/node2962122251 		"Estrada do Tindiba"
http://linkedgeodata.org/triplify/node2962122254 		"Rua Salinópolis"
http://linkedgeodata.org/triplify/node2962122257 		"Estrada do Tindiba"
http://linkedgeodata.org/triplify/node3007600613 		"Avenida Nossa Senhora de Copacabana"
http://linkedgeodata.org/triplify/node3011282461 		"Avenida Princesa Isabel"
http://linkedgeodata.org/triplify/node3012123880 		"Avenida Atlantica"
http://linkedgeodata.org/triplify/node3414432393 		"Rua General Sampaio"
http://linkedgeodata.org/triplify/node415816265 		"Avenida Pasteur"
http://linkedgeodata.org/triplify/node415826502 		"Rua Ramon Franco"
http://linkedgeodata.org/triplify/node415833897 		"Rua Bartolomeu Portela"
http://linkedgeodata.org/triplify/node415833900 		"Rua Professor Álvaro Rodrigues"
http://linkedgeodata.org/triplify/node415833902 		"Praia de Botafogo"
http://linkedgeodata.org/triplify/node416165995 		"Praia de Botafogo"
http://linkedgeodata.org/triplify/node416165997 		"Rua Voluntários da Pátria"
http://linkedgeodata.org/triplify/node416165999 		"Rua Voluntários da Pátria"
http://linkedgeodata.org/triplify/node416166010 		"Rua Professor Álvaro Rodrigues"
http://linkedgeodata.org/triplify/node416166011 		"Rua Voluntários da Pátria"
http://linkedgeodata.org/triplify/node416166016 		"Rua Voluntários da Pátria"
http://linkedgeodata.org/triplify/node416166020 		"Rua Voluntários da Pátria"
http://linkedgeodata.org/triplify/node416166022 		"Rua Voluntários da Pátria"
http://linkedgeodata.org/triplify/node416166029 		"Rua Voluntários da Pátria"
http://linkedgeodata.org/triplify/node416166035 		"Rua Voluntários da Pátria"
http://linkedgeodata.org/triplify/node416166037 		"Rua Voluntários da Pátria"
http://linkedgeodata.org/triplify/node416166042 		"Rua Voluntários da Pátria"
http://linkedgeodata.org/triplify/node416166043 		"Rua Voluntários da Pátria"
http://linkedgeodata.org/triplify/node416166048 		"Rua Voluntários da Pátria"
http://linkedgeodata.org/triplify/node416166050 		"Praia de Botafogo"
http://linkedgeodata.org/triplify/node668006830 		"Rua Bittencourt da Silva"
http://linkedgeodata.org/triplify/node677594854 		"Rua do Passeio"
http://linkedgeodata.org/triplify/node704156910 		"Rua do Catete"
http://linkedgeodata.org/triplify/node704889605 		"Rua Andrade Pertence"
http://linkedgeodata.org/triplify/node704889616 		"Travessa Carlos de Sá"
http://linkedgeodata.org/triplify/node704889636 		"Rua Andrade Pertence"
http://linkedgeodata.org/triplify/node704889647 		"Rua Andrade Pertence"
http://linkedgeodata.org/triplify/node704889650 		"Rua do Catete"
http://linkedgeodata.org/triplify/node704928013 		"Travessa Carlos de Sá"
http://linkedgeodata.org/triplify/node704970794 		"Rua Silveira Martins"
http://linkedgeodata.org/triplify/node704970796 		"Rua Silveira Martins"
http://linkedgeodata.org/triplify/node704970803 		"Rua Andrade Pertence"
http://linkedgeodata.org/triplify/node704970804 		"Rua Andrade Pertence"
http://linkedgeodata.org/triplify/node704970826 		"Rua Silveira Martins"
http://linkedgeodata.org/triplify/node704970835 		"Rua Silveira Martins"
http://linkedgeodata.org/triplify/node704970853 		"Rua Silveira Martins"
http://linkedgeodata.org/triplify/node704970891 		"Rua Silveira Martins"
http://linkedgeodata.org/triplify/node704978378 		"Rua Ferreira Viana"
http://linkedgeodata.org/triplify/node704992207 		"Rua Corrêa Dutra"
http://linkedgeodata.org/triplify/node704992208 		"Rua Corrêa Dutra"
http://linkedgeodata.org/triplify/node704992219 		"Rua Corrêa Dutra"
http://linkedgeodata.org/triplify/node727630040 		"Avenida Mem de Sá"
http://linkedgeodata.org/triplify/node725754162 		"Rua Miguel Couto"
http://linkedgeodata.org/triplify/node725873020 		"Rua Senador Vergueiro"
http://linkedgeodata.org/triplify/node726910145 		"Rua Álvaro Ramos"
http://linkedgeodata.org/triplify/node743357285 		"Rua Evaristo da Veiga"
http://linkedgeodata.org/triplify/node743618345 		"Rua Evaristo da Veiga"
http://linkedgeodata.org/triplify/node810362117 		"Beco do Pinheiro"
http://linkedgeodata.org/triplify/node810378170 		"Rua das Laranjeiras"
http://linkedgeodata.org/triplify/node814276689 		"Rua Afonso Cavalcanti"
http://linkedgeodata.org/triplify/node814276690 		"Avenida Presidente Vargas"
http://linkedgeodata.org/triplify/node814301117 		"Avenida Monsenhor Ascâneo"
http://linkedgeodata.org/triplify/node814311555 		"Rua Farani"
http://linkedgeodata.org/triplify/node814311585 		"Rua Farani"
http://linkedgeodata.org/triplify/node814334139 		"Avenida Alexandre Ferreira"
http://linkedgeodata.org/triplify/node814334142 		"Rua Maria Angélica"
http://linkedgeodata.org/triplify/node814334144 		"Rua Maria Angélica"
http://linkedgeodata.org/triplify/node814334147 		"Rua Maria Angélica"
http://linkedgeodata.org/triplify/node814334148 		"Rua Maria Angélica"
http://linkedgeodata.org/triplify/node816080365 		"Praça Floriano Peixoto"
http://linkedgeodata.org/triplify/node816173050 		"Rua Felipe Camarão"
http://linkedgeodata.org/triplify/node816194805 		"Rua Mariz e Barros"
http://linkedgeodata.org/triplify/node823939475 		"Praça Coronel João Zani"
http://linkedgeodata.org/triplify/node823939535 		"Rua São Miguel"
http://linkedgeodata.org/triplify/node823939563 		"Praça José Benevides"
http://linkedgeodata.org/triplify/node823939666 		"Rua Padre Manoel de Nóbrega"
http://linkedgeodata.org/triplify/node823940000 		"Rua José dos Reis"
http://linkedgeodata.org/triplify/node823940037 		"Rua Marechal Jofre"
http://linkedgeodata.org/triplify/node823940115 		"Rua Esteves Junior"
http://linkedgeodata.org/triplify/node823940143 		"Rua Compositor Silas de Oliveira"
http://linkedgeodata.org/triplify/node823940147 		"Avenida Pasteur"
http://linkedgeodata.org/triplify/node823940187 		"Rua Moisés Lilenbaun"
http://linkedgeodata.org/triplify/node823940264 		"Rua Manuel Machado"
http://linkedgeodata.org/triplify/node823940277 		"Rua Plácido Ferreira"
http://linkedgeodata.org/triplify/node823940676 		"Estrada das Furnas"
http://linkedgeodata.org/triplify/node823940970 		"Rua Boa Vista"
http://linkedgeodata.org/triplify/node823941323 		"Rua Itália Fausta"
http://linkedgeodata.org/triplify/node823941604 		"Avenida Edson Passos"
http://linkedgeodata.org/triplify/node823942163 		"Rua Floresta da Paz"
http://linkedgeodata.org/triplify/node823942176 		"Rua Jornalista Guima"
http://linkedgeodata.org/triplify/node823942224 		"Rua Enes de Souza"
http://linkedgeodata.org/triplify/node823942241 		"Praça Barão da Taquara"
http://linkedgeodata.org/triplify/node823942329 		"Praça 15 de Novembro"
http://linkedgeodata.org/triplify/node823942497 		"Rua das Flores"
http://linkedgeodata.org/triplify/node823942571 		"Estrada das Furnas"
http://linkedgeodata.org/triplify/node823942645 		"Avenida Monsenhor Félix"
http://linkedgeodata.org/triplify/node823942720 		"Rua Herculano Pena"
http://linkedgeodata.org/triplify/node823942867 		"Praça Soldado Cosme dos Santos"
http://linkedgeodata.org/triplify/node823942984 		"Rua Múcio Teixeira"
http://linkedgeodata.org/triplify/node823943103 		"Rua Compositor Silas de Oliveira"
http://linkedgeodata.org/triplify/node823943606 		"Rua Emílio de Meneses"
http://linkedgeodata.org/triplify/node823943670 		"Rua José dos Reis"
http://linkedgeodata.org/triplify/node823943780 		"Avenida Ministro Edgard Romero"
http://linkedgeodata.org/triplify/node823943799 		"Rua Ibiá"
http://linkedgeodata.org/triplify/node823943951 		"Avenida Ministro Edgard Romero"
http://linkedgeodata.org/triplify/node823944015 		"Praça Frederico Durval"
http://linkedgeodata.org/triplify/node823944182 		"Rua do Lavradio"
http://linkedgeodata.org/triplify/node823944323 		"Rua Goiás"
http://linkedgeodata.org/triplify/node823944718 		"Rua da Matriz"
http://linkedgeodata.org/triplify/node823945051 		"Rua Barão de Petrópolis"
http://linkedgeodata.org/triplify/node823945052 		"Rua Augusto Franco"
http://linkedgeodata.org/triplify/node823945094 		"Rua Purus"
http://linkedgeodata.org/triplify/node823945298 		"Rua Solimões"
http://linkedgeodata.org/triplify/node823945400 		"Estrada do Barro Vermelho"
http://linkedgeodata.org/triplify/node823945405 		"Praça Barbosa de Oliveira"
http://linkedgeodata.org/triplify/node823945424 		"Rua José dos Reis"
http://linkedgeodata.org/triplify/node823945527 		"Rua Beira Rio"
http://linkedgeodata.org/triplify/node823945712 		"Rua Amália"
http://linkedgeodata.org/triplify/node823945830 		"Rua Aderbal de Carvalho"
http://linkedgeodata.org/triplify/node836977647 		"Rua Paissandu"
http://linkedgeodata.org/triplify/node836977654 		"Rua Paissandu"
http://linkedgeodata.org/triplify/node837056507 		"Rua Vinte e Quatro de Maio"
http://linkedgeodata.org/triplify/node837056592 		"Rua São Miguel"
http://linkedgeodata.org/triplify/node875955913 		"Rua Almirante João Cândido Brasil"
http://linkedgeodata.org/triplify/node875955957 		"Rua Maxwell"
http://linkedgeodata.org/triplify/node875956058 		"Rua Major Ávila"
http://linkedgeodata.org/triplify/node876647290 		"Rua Nelson Mandela"
http://linkedgeodata.org/triplify/node878879657 		"Rua Joana Angélica"
http://linkedgeodata.org/triplify/node880725427 		"Ladeira Coelho Cintra"
http://linkedgeodata.org/triplify/node885782004 		"Rua Tonelero"
http://linkedgeodata.org/triplify/node885782009 		"Praça Cardeal Arcoverde"
http://linkedgeodata.org/triplify/node892159598 		"Rua Paula Freitas"
http://linkedgeodata.org/triplify/node892159726 		"Rua Siqueira Campos"
http://linkedgeodata.org/triplify/node892159733 		"Rua Siqueira Campos"
http://linkedgeodata.org/triplify/node892159766 		"Rua Siqueira Campos"
http://linkedgeodata.org/triplify/node903612482 		"Rua General Góis Monteiro"
http://linkedgeodata.org/triplify/node3650763302 		"Rua Ituverava"
http://linkedgeodata.org/triplify/node3702603427 		"Rua Conde de Bonfim"
http://linkedgeodata.org/triplify/node3702610325 		"Rua Conde de Bonfim"
http://linkedgeodata.org/triplify/node3702616025 		"Rua Conde de Bonfim"
http://linkedgeodata.org/triplify/node3702637125 		"Rua Conde de Bonfim"
http://linkedgeodata.org/triplify/node3725042926 		"Avenida Gabriela Prado Maia Ribeiro"
http://linkedgeodata.org/triplify/node3734691225 		"Rua Soares da Costa"
http://linkedgeodata.org/triplify/node3734842025 		"Rua Conde de Bonfim"
http://linkedgeodata.org/triplify/node3755977425 		"Rua das Laranjeiras"
http://linkedgeodata.org/triplify/node3755979525 		"Rua das Laranjeiras"
http://linkedgeodata.org/triplify/node3758363314 		"Avenida Epitácio Pessoa"
http://linkedgeodata.org/triplify/node3759045765 		"Rua Tenreiro Aranha"
http://linkedgeodata.org/triplify/node3759045769 		"Rua Siqueira Campos"
http://linkedgeodata.org/triplify/node3778187257 		"Largo do Machado"
http://linkedgeodata.org/triplify/node3778219357 		"Largo do Machado"
http://linkedgeodata.org/triplify/node3778280757 		"Avenida Rui Barbosa"
http://linkedgeodata.org/triplify/node3778427785 		"Rua Voluntários da Pátria"
http://linkedgeodata.org/triplify/node3778428064 		"Rua Voluntários da Pátria"
http://linkedgeodata.org/triplify/node416969462 		"Avenida Pasteur"
http://linkedgeodata.org/triplify/node416979563 		"Rua Professor Álvaro Ramos"
http://linkedgeodata.org/triplify/node418012876 		"Rua Voluntários da Pátria"
http://linkedgeodata.org/triplify/node418012879 		"Rua Paulino Fernandes"
http://linkedgeodata.org/triplify/node418044481 		"Rua Voluntários da Pátria"
http://linkedgeodata.org/triplify/node418044484 		"Rua Voluntários da Pátria"
http://linkedgeodata.org/triplify/node418044487 		"Rua Voluntários da Pátria"
http://linkedgeodata.org/triplify/node428670116 		"Rua do Catete"
http://linkedgeodata.org/triplify/node450799288 		"Rua Riachuelo"
http://linkedgeodata.org/triplify/node509377856 		"Rua México"
http://linkedgeodata.org/triplify/node512781937 		"Avenida Rio Branco"
http://linkedgeodata.org/triplify/node512860156 		"Rua Correa Dutra"
http://linkedgeodata.org/triplify/node529749000 		"Rua República do Peru"
http://linkedgeodata.org/triplify/node693875428 		"Praça Estado de Israel"
http://linkedgeodata.org/triplify/node693890722 		"Rua do Imperador"
http://linkedgeodata.org/triplify/node693891169 		"Rua General Sezefredo"
http://linkedgeodata.org/triplify/node697075247 		"Rua Senador Dantas"
http://linkedgeodata.org/triplify/node697093237 		"Rua Senador Dantas"
http://linkedgeodata.org/triplify/node697094868 		"Rua Senador Dantas"
http://linkedgeodata.org/triplify/node698803827 		"Rua General Polidoro"
http://linkedgeodata.org/triplify/node701214000 		"Rua Silva Cardoso"
http://linkedgeodata.org/triplify/node701214001 		"Rua Silva Cardoso"
http://linkedgeodata.org/triplify/node805058264 		"Rua da Ajuda"
http://linkedgeodata.org/triplify/node805058278 		"Avenida Rio Branco"
http://linkedgeodata.org/triplify/node805058281 		"Rua da Ajuda"
http://linkedgeodata.org/triplify/node805075039 		"Rua Debret"
http://linkedgeodata.org/triplify/node842284001 		"Rua Rodolfo Dantas"
http://linkedgeodata.org/triplify/node914652858 		"Rua Bambina"
http://linkedgeodata.org/triplify/node3591073893 		"Rua Francisco Otaviano"
http://linkedgeodata.org/triplify/node3731678474 		"Rua Macedo Sobrinho"
http://linkedgeodata.org/triplify/node3750578925 		"Rua Ministro Viveiros de Castro"
http://linkedgeodata.org/triplify/node3750607725 		"Rua Barata Ribeiro"
http://linkedgeodata.org/triplify/node3750607729 		"Rua Siqueira Campos"
http://linkedgeodata.org/triplify/node3750611227 		"Rua Siqueira Campos"
http://linkedgeodata.org/triplify/node3752256025 		"Avenida Ataulfo de Paiva"
http://linkedgeodata.org/triplify/node431013560 		"Rua do Catete"
http://linkedgeodata.org/triplify/node431013577 		"Rua do Catete"
http://linkedgeodata.org/triplify/node431013582 		"Rua do Catete"
http://linkedgeodata.org/triplify/node431013585 		"Rua Buarque de Macedo"
http://linkedgeodata.org/triplify/node431013594 		"Rua do Catete"
http://linkedgeodata.org/triplify/node431013618 		"Rua Pedro Américo"
http://linkedgeodata.org/triplify/node431013624 		"Rua Pedro Américo"
http://linkedgeodata.org/triplify/node431013629 		"Rua Pedro Américo"
http://linkedgeodata.org/triplify/node553450458 		"Avenida Rio Branco"
http://linkedgeodata.org/triplify/node553450501 		"Rua Santa Luzia"
http://linkedgeodata.org/triplify/node553450666 		"Rua Santa Luzia"
http://linkedgeodata.org/triplify/node553450691 		"Rua Santa Luzia"
http://linkedgeodata.org/triplify/node559645161 		"Rua dos Inválidos"
http://linkedgeodata.org/triplify/way134708389 		"Rua Barão de Mesquita"
http://linkedgeodata.org/triplify/way134905308 		"Avenida Paulo de Frontin"
http://linkedgeodata.org/triplify/way145338235 		"Rua Visconde de Pirajá"
http://linkedgeodata.org/triplify/way156796163 		"Avenida das Américas"
http://linkedgeodata.org/triplify/way165087587 		"Avenida das Américas"
http://linkedgeodata.org/triplify/way189238633 		"Avenida Maracanã"
http://linkedgeodata.org/triplify/way310347731 		"Rua do Lavradio"
http://linkedgeodata.org/triplify/way315331391 		"Avenida Guiomar Novaes"
http://linkedgeodata.org/triplify/way315408876 		"Avenida Teotônio Vilela"
http://linkedgeodata.org/triplify/way315689170 		"Rua Giocondo Dias"
http://linkedgeodata.org/triplify/way315747911 		"Avenida Ailton Henrique da Costa"
http://linkedgeodata.org/triplify/way315747926 		"Estrada do Pontal"
http://linkedgeodata.org/triplify/way315882638 		"Avenida Guiomar Novaes"
http://linkedgeodata.org/triplify/way322164715 		"Rua Marechal Niemeyer"
http://linkedgeodata.org/triplify/way327163978 		"Estrada do Joá"
http://linkedgeodata.org/triplify/way327163979 		"Estrada do Joá"
http://linkedgeodata.org/triplify/way327263446 		"Praça da República"
http://linkedgeodata.org/triplify/way327266833 		"Praça da República"
http://linkedgeodata.org/triplify/way327776973 		"Rua Jorge Rudge"
http://linkedgeodata.org/triplify/way335759509 		"Estrada das Canoas"
http://linkedgeodata.org/triplify/way336446627 		"Rua do Lavradio"
http://linkedgeodata.org/triplify/way336446629 		"Rua do Lavradio"
http://linkedgeodata.org/triplify/way345790737 		"Avenida Olegário Maciel"
http://linkedgeodata.org/triplify/way351242443 		"Rua Adolfo Bergamini"
http://linkedgeodata.org/triplify/way358523098 		"Rua Humberto Cozzo"
http://linkedgeodata.org/triplify/way358985008 		"Rua dos Arcos"
http://linkedgeodata.org/triplify/way372124213 		"Rua do Carmo"
http://linkedgeodata.org/triplify/way375414495 		"Estrada General Emílio Maurell Filho"
http://linkedgeodata.org/triplify/way375414502 		"Estrada General Emílio Maurell Filho"
http://linkedgeodata.org/triplify/way375414506 		"Estrada General Emílio Maurell Filho"
http://linkedgeodata.org/triplify/way375414518 		"Estrada General Emílio Maurell Filho"
http://linkedgeodata.org/triplify/way375414537 		"Estrada General Emílio Maurell Filho"
http://linkedgeodata.org/triplify/way375414542 		"Estrada General Emílio Maurell Filho"
http://linkedgeodata.org/triplify/way375414544 		"Estrada General Emílio Maurell Filho"
http://linkedgeodata.org/triplify/way375414547 		"Estrada General Emílio Maurell Filho"
http://linkedgeodata.org/triplify/way375414548 		"Estrada General Emílio Maurell Filho"
http://linkedgeodata.org/triplify/way99048926 		"Praça Barão da Taquara"
http://linkedgeodata.org/triplify/way283679480 		"Avenida Pastor Martin Luther King Junior"
http://linkedgeodata.org/triplify/way347948366 		"Avenida Brás de Pina"
http://linkedgeodata.org/triplify/way360564652 		"Estrada do Bananal"
http://linkedgeodata.org/triplify/way360567150 		"Estrada do Bananal"
http://linkedgeodata.org/triplify/way360620668 		"Rua Januário Barbosa"
http://linkedgeodata.org/triplify/node2304066151 		"Avenida dos Mananciais"
http://linkedgeodata.org/triplify/node2304066160 		"Estrada do Rio Grande"
http://linkedgeodata.org/triplify/node2938246194 		"Rua Ipadu"
http://linkedgeodata.org/triplify/node2955387268 		"Avenida dos Mananciais"
http://linkedgeodata.org/triplify/way255625401 		"Estrada do Galeão"
http://linkedgeodata.org/triplify/way255775515 		"Avenida Ayrton Senna"
http://linkedgeodata.org/triplify/way255890686 		"Estrada do Galeão"
http://linkedgeodata.org/triplify/way255926019 		"Rua Jardim Botânico"
http://linkedgeodata.org/triplify/way256235033 		"Praça Calcutá"
http://linkedgeodata.org/triplify/way256333611 		"Rua Fonte da Saudade"
http://linkedgeodata.org/triplify/way256333612 		"Rua Fonte da Saudade"
http://linkedgeodata.org/triplify/way266243394 		"Estrada do Itararé"
http://linkedgeodata.org/triplify/way287655478 		"Rua General Canabarro"
http://linkedgeodata.org/triplify/way287979510 		"Rua Joaquim Palhares"
http://linkedgeodata.org/triplify/way290091208 		"Rua Salinópolis"
http://linkedgeodata.org/triplify/way290091211 		"Rua Salinópolis"
http://linkedgeodata.org/triplify/way290100932 		"Rua Bogari"
http://linkedgeodata.org/triplify/way290100943 		"Praça Jauru"
http://linkedgeodata.org/triplify/way290100997 		"Estrada do Cafundá"
http://linkedgeodata.org/triplify/way290110870 		"Avenida dos Mananciais"
http://linkedgeodata.org/triplify/way290110873 		"Estrada do Tindiba"
http://linkedgeodata.org/triplify/way290120898 		"Avenida dos Mananciais"
http://linkedgeodata.org/triplify/way290120900 		"Avenida dos Mananciais"
http://linkedgeodata.org/triplify/way290120902 		"Avenida dos Mananciais"
http://linkedgeodata.org/triplify/way290375557 		"Avenida dos Mananciais"
http://linkedgeodata.org/triplify/way290475314 		"Estrada do Rio Grande"
http://linkedgeodata.org/triplify/way290475324 		"Estrada do Rio Grande"
http://linkedgeodata.org/triplify/way294104294 		"Rua Conde de Bonfim"
http://linkedgeodata.org/triplify/way294105005 		"Rua Dezoito de Outubro"
http://linkedgeodata.org/triplify/way294266619 		"Estrada dos Bandeirantes"
http://linkedgeodata.org/triplify/way30105216 		"Praça General Tibúrcio"
http://linkedgeodata.org/triplify/way30105383 		"Avenida Pasteur"
http://linkedgeodata.org/triplify/way318388029 		"Rua das Laranjeiras"
http://linkedgeodata.org/triplify/way318420778 		"Avenida Genaro de Carvalho"
http://linkedgeodata.org/triplify/way318662801 		"Rua Bento Lisboa"
http://linkedgeodata.org/triplify/way318902212 		"Rua Condessa Belmonte"
http://linkedgeodata.org/triplify/way318903194 		"Rua Barão do Bom Retiro"
http://linkedgeodata.org/triplify/way319076723 		"Avenida Imperatriz Leopoldina"
http://linkedgeodata.org/triplify/way319155255 		"Rua Teodoro da Silva"
http://linkedgeodata.org/triplify/way329013409 		"Rua Getúlio"
http://linkedgeodata.org/triplify/way329059448 		"Avenida Vieira Souto"
http://linkedgeodata.org/triplify/way329067370 		"Professor Fioravanti Di Piero"
http://linkedgeodata.org/triplify/way329193816 		"Rua Jorge Faraj"
http://linkedgeodata.org/triplify/way107748847 		"Praca Marechal Floriano"
http://linkedgeodata.org/triplify/way107748860 		"Avenida Presidente Wilson"
http://linkedgeodata.org/triplify/way117017579 		"Praça Tiradentes"
http://linkedgeodata.org/triplify/way123156185 		"Rua Professor Azevedo Marques"
http://linkedgeodata.org/triplify/way129267025 		"Avenida Ayrton Senna"
http://linkedgeodata.org/triplify/way189755242 		"Rua São Francisco Xavier"
http://linkedgeodata.org/triplify/way254577391 		"Avenida Epitácio Pessoa"
http://linkedgeodata.org/triplify/way255121268 		"Parque Poeta Manoel Bandeira"
http://linkedgeodata.org/triplify/way260548306 		"Rua Leopoldo"
http://linkedgeodata.org/triplify/way260629874 		"Rua Andaraí"
http://linkedgeodata.org/triplify/way260629875 		"Rua Santo Agostinho"
http://linkedgeodata.org/triplify/way260629876 		"Rua Adolfo Caminha"
http://linkedgeodata.org/triplify/way272919350 		"Travessa Venâncio"
http://linkedgeodata.org/triplify/way272931935 		"Rua São Miguel"
http://linkedgeodata.org/triplify/way272931938 		"Rua São Miguel"
http://linkedgeodata.org/triplify/way272931941 		"Estrada da Independência do Borel"
http://linkedgeodata.org/triplify/way273578919 		"Estrada da Paz"
http://linkedgeodata.org/triplify/way273592353 		"Ladeira Ary Barroso"
http://linkedgeodata.org/triplify/way273640659 		"Estrada da Independência do Borel"
http://linkedgeodata.org/triplify/way295160324 		"Avenida Salvador Allende"
http://linkedgeodata.org/triplify/way295160327 		"Avenida Salvador Allende"
http://linkedgeodata.org/triplify/way295173411 		"Rua Franklin"
http://linkedgeodata.org/triplify/way295422770 		"Avenida Menezes Cortes"
http://linkedgeodata.org/triplify/way296041791 		"Rua Gastão Penalva"
http://linkedgeodata.org/triplify/way298738968 		"Estrada da Independência da Chácara"
http://linkedgeodata.org/triplify/way298810676 		"Avenida das Américas"
http://linkedgeodata.org/triplify/way303693352 		"Rua Cambaúba"
http://linkedgeodata.org/triplify/way308094609 		"Rua Marquês de São Vicente"
http://linkedgeodata.org/triplify/way308094610 		"Rua Marquês de São Vicente"
http://linkedgeodata.org/triplify/way308256173 		"Rua Marquês de São Vicente"
http://linkedgeodata.org/triplify/way308257478 		"Rua Marquês de São Vicente"
http://linkedgeodata.org/triplify/way308257479 		"Rua Marquês de São Vicente"
http://linkedgeodata.org/triplify/way308258588 		"Rua Marquês de São Vicente"
http://linkedgeodata.org/triplify/way308258589 		"Rua Marquês de São Vicente"
http://linkedgeodata.org/triplify/way308262762 		"Rua Marquês de São Vicente"
http://linkedgeodata.org/triplify/way308262763 		"Rua Marquês de São Vicente"
http://linkedgeodata.org/triplify/way308267237 		"Rua Marquês de São Vicente"
http://linkedgeodata.org/triplify/way308267238 		"Rua Marquês de São Vicente"
http://linkedgeodata.org/triplify/way308267240 		"Rua Marquês de São Vicente"
http://linkedgeodata.org/triplify/way30842768 		"Avenida Presidente Vargas"
http://linkedgeodata.org/triplify/way308928843 		"Rua Marquês de São Vicente"
http://linkedgeodata.org/triplify/way308958460 		"Rua Marquês de São Vicente"
http://linkedgeodata.org/triplify/way308958461 		"Rua Marquês de São Vicente"
http://linkedgeodata.org/triplify/way308958462 		"Rua Marquês de São Vicente"
http://linkedgeodata.org/triplify/way308961702 		"Rua Marquês de São Vicente"
http://linkedgeodata.org/triplify/way325918624 		"Rua Oito de Dezembro"
http://linkedgeodata.org/triplify/way325919204 		"Rua Oito de Dezembro"
http://linkedgeodata.org/triplify/way325920817 		"Rua Oito de Dezembro"
http://linkedgeodata.org/triplify/way326170589 		"Praça Santos Dumont"
http://linkedgeodata.org/triplify/way326561754 		"Praça da Cruz Vermelha"
http://linkedgeodata.org/triplify/way326572830 		"Rua Frederico Silva"
http://linkedgeodata.org/triplify/way327006313 		"Estrada da Gávea"
http://linkedgeodata.org/triplify/way327062882 		"Rua Miguel Antônio Fernandes"
http://linkedgeodata.org/triplify/way327074373 		"Boulevard Vinte e Oito de Setembro"
http://linkedgeodata.org/triplify/way327082686 		"Boulevard Vinte e Oito de Setembro"
http://linkedgeodata.org/triplify/way327096770 		"Avenida Marechal Rondon"
http://linkedgeodata.org/triplify/way327098518 		"Rua Visconde de Niterói"
http://linkedgeodata.org/triplify/way327103651 		"Avenida Itaóca"
http://linkedgeodata.org/triplify/way327109791 		"Avenida Dom Hélder Câmara"
http://linkedgeodata.org/triplify/way371508799 		"Auto Estrada Lagoa-Barra"
http://linkedgeodata.org/triplify/way93259372 		"Avenida Repórter Nestor Moreira"
http://linkedgeodata.org/triplify/way93259378 		"Avenida Repórter Nestor Moreira"
http://linkedgeodata.org/triplify/node2977335233 		"Avenida dos Democráticos"
http://linkedgeodata.org/triplify/way126021911 		"Estrada do Galeão"
http://linkedgeodata.org/triplify/way149272972 		"Rua Pedro Américo"
http://linkedgeodata.org/triplify/way173411869 		"Avenida Francisco Bicalho"
http://linkedgeodata.org/triplify/way191319862 		"Praia de Botafogo"
http://linkedgeodata.org/triplify/way200304970 		"Avenida Canal Arroio Pavuna"
http://linkedgeodata.org/triplify/way227726120 		"Avenida Marechal Floriano"
http://linkedgeodata.org/triplify/way256623835 		"Rua Frei Solano"
http://linkedgeodata.org/triplify/way256925840 		"Praia Belo Jardim"
http://linkedgeodata.org/triplify/way263375449 		"Rua Max Yantok"
http://linkedgeodata.org/triplify/way269322489 		"Rua da Alfândega"
http://linkedgeodata.org/triplify/way281837924 		"Avenida Geremário Dantas"
http://linkedgeodata.org/triplify/way284245794 		"Avenida Henrique Valadares"
http://linkedgeodata.org/triplify/way291924324 		"Avenida dos Mananciais"
http://linkedgeodata.org/triplify/way291924330 		"Avenida dos Mananciais"
http://linkedgeodata.org/triplify/way291924385 		"Rua Januário Barbosa"
http://linkedgeodata.org/triplify/way314790418 		"Rua João Vicente"
http://linkedgeodata.org/triplify/way314790425 		"Rua Padre Manso"
http://linkedgeodata.org/triplify/way314893456 		"Rua Araguaia"
http://linkedgeodata.org/triplify/way317309860 		"Avenida das Américas"
http://linkedgeodata.org/triplify/way317309978 		"Rua Senador Ruy Carneiro"
http://linkedgeodata.org/triplify/way320602280 		"Avenida Niemeyer"
http://linkedgeodata.org/triplify/way320824439 		"Estrada do Pontal"
http://linkedgeodata.org/triplify/way324366793 		"Avenida das Américas"
http://linkedgeodata.org/triplify/way32520651 		"Avenida Pasteur"
http://linkedgeodata.org/triplify/way325295833 		"Rua Athos Bulcão"
http://linkedgeodata.org/triplify/way325311285 		"Rua Athos Bulcão"
http://linkedgeodata.org/triplify/way325316432 		"Rua Athos Bulcão"
http://linkedgeodata.org/triplify/way325316433 		"Rua Athos Bulcão"
http://linkedgeodata.org/triplify/way325318646 		"Rua Athos Bulcão"
http://linkedgeodata.org/triplify/way325505764 		"Rua Humaitá"
http://linkedgeodata.org/triplify/way325804415 		"Avenida Vieira Souto"
http://linkedgeodata.org/triplify/way329510890 		"Rua Maestro Ernesto Nazaré"
http://linkedgeodata.org/triplify/way330240049 		"Rua Carlos de Carvalho"
http://linkedgeodata.org/triplify/way330579889 		"Rua Pedro Américo"
http://linkedgeodata.org/triplify/way331894609 		"Estrada das Canoas"
http://linkedgeodata.org/triplify/way331926419 		"Rua Santos Vale"
http://linkedgeodata.org/triplify/way331926420 		"Rua Tenente Marques de Souza"
http://linkedgeodata.org/triplify/way332625395 		"Rua Barão de Mesquita"
http://linkedgeodata.org/triplify/way332625837 		"Rua Barão de Mesquita"
http://linkedgeodata.org/triplify/way332627865 		"Rua Sá Viana"
http://linkedgeodata.org/triplify/way33298755 		"Avenida Pasteur"
http://linkedgeodata.org/triplify/way334900631 		"Avenida Genaro de Carvalho"
http://linkedgeodata.org/triplify/way337273441 		"Rua Leopoldo"
http://linkedgeodata.org/triplify/way33746955 		"Rua São Francisco Xavier"
http://linkedgeodata.org/triplify/way376043838 		"Campo de São Cristóvão"
http://linkedgeodata.org/triplify/way376833070 		"Avenida Itaóca"
http://linkedgeodata.org/triplify/way49714559 		"Estrada Governador Chagas Freitas"
http://linkedgeodata.org/triplify/way225695031 		"Rua Benedito Hipólito"
http://linkedgeodata.org/triplify/way226934258 		"Rua Felipe Cardoso"
http://linkedgeodata.org/triplify/way237271009 		"Avenida Salvador Allende"
http://linkedgeodata.org/triplify/way241405384 		"Avenida Rui Barbosa"
http://linkedgeodata.org/triplify/way242346291 		"Rua Tirol"
http://linkedgeodata.org/triplify/way242552975 		"Estrada dos Três Rios"
http://linkedgeodata.org/triplify/way246639223 		"Rua Comandante Rubens Silva"
http://linkedgeodata.org/triplify/way248378087 		"Estrada do Barro Vermelho"
http://linkedgeodata.org/triplify/way257770331 		"Avenida Visconde de Albuquerque"
http://linkedgeodata.org/triplify/way257819584 		"Avenida Epitácio Pessoa"
http://linkedgeodata.org/triplify/way257941189 		"Rua Conde de Bonfim"
http://linkedgeodata.org/triplify/way258787131 		"Rua Fonte da Saudade"
http://linkedgeodata.org/triplify/way278060542 		"Rua Luiz de Matos"
http://linkedgeodata.org/triplify/way286933419 		"Avenida Embaixador Abelardo Bueno"
http://linkedgeodata.org/triplify/way286933423 		"Avenida Embaixador Abelardo Bueno"
http://linkedgeodata.org/triplify/way292025853 		"Avenida dos Mananciais"
http://linkedgeodata.org/triplify/way292226147 		"Avenida Itaóca"
http://linkedgeodata.org/triplify/way292671753 		"Rua Bacairis"
http://linkedgeodata.org/triplify/way292824678 		"Avenida dos Mananciais"
http://linkedgeodata.org/triplify/way293177189 		"R. Ten. Ronald Santoro"
http://linkedgeodata.org/triplify/way293257195 		"Rua Lagolândia"
http://linkedgeodata.org/triplify/way293433109 		"Estrada do Rio Grande"
http://linkedgeodata.org/triplify/way296547077 		"Praça Dom Romualdo"
http://linkedgeodata.org/triplify/way297553240 		"Rua Vitor Costa"
http://linkedgeodata.org/triplify/way297560822 		"Rua União da Vitória"
http://linkedgeodata.org/triplify/way299532388 		"Rua Padre Manso"
http://linkedgeodata.org/triplify/way299532389 		"Rua Padre Manso"
http://linkedgeodata.org/triplify/way300142331 		"Rua Leopoldo"
http://linkedgeodata.org/triplify/way300144350 		"Rua Leopoldo"
http://linkedgeodata.org/triplify/way302016534 		"Rua Heráclito da Graça"
http://linkedgeodata.org/triplify/way304754436 		"Rua Dona Mariana"
http://linkedgeodata.org/triplify/way30988828 		"Avenida Rio Branco"
http://linkedgeodata.org/triplify/way310071623 		"Rua dos Inválidos"
http://linkedgeodata.org/triplify/way316324468 		"Avenida das Américas"
http://linkedgeodata.org/triplify/way316929205 		"Rua Ministro Aliomar Baleeiro"
http://linkedgeodata.org/triplify/way323359770 		"Rua das Laranjeiras"
http://linkedgeodata.org/triplify/way323443224 		"Ruas das Palmeiras"
http://linkedgeodata.org/triplify/way323911438 		"Praça São Salvador"
http://linkedgeodata.org/triplify/way324044072 		"Estrada Dom Joaquim Mamede"
http://linkedgeodata.org/triplify/way324044073 		"Estrada Dom Joaquim Mamede"
http://linkedgeodata.org/triplify/way330948518 		"Rua Visconde de Santa Isabel"
http://linkedgeodata.org/triplify/way33132709 		"Largo da Penha"
http://linkedgeodata.org/triplify/way333713289 		"Rua Barão de São Francisco"
http://linkedgeodata.org/triplify/way333714249 		"Rua Barão de São Francisco"
http://linkedgeodata.org/triplify/way338732799 		"Rua Conde de Bonfim"
http://linkedgeodata.org/triplify/way338733588 		"Rua Conde de Bonfim"
http://linkedgeodata.org/triplify/way339423181 		"Avenida das Américas"
http://linkedgeodata.org/triplify/way34428503 		"Avenida Pasteur"
http://linkedgeodata.org/triplify/way34428528 		"Rua Doutor Xavier Sigaud"
http://linkedgeodata.org/triplify/way67694070 		"Avenida Maracanã"
http://linkedgeodata.org/triplify/way67694084 		"Rua São Francisco Xavier"
http://linkedgeodata.org/triplify/way67880207 		"Rua Mariz e Barros"
http://linkedgeodata.org/triplify/way67917652 		"Rua Doutor Satamini"
http://linkedgeodata.org/triplify/way69085100 		"Rua Arquias Cordeiro"
http://linkedgeodata.org/triplify/node2979986455 		"Avenida dos Mananciais"
http://linkedgeodata.org/triplify/way235886345 		"Avenida Henrique Valadares"
http://linkedgeodata.org/triplify/way257924153 		"Rua Doutor Walter Guimarães de Moraes"
http://linkedgeodata.org/triplify/way290121136 		"Estrada do Cafundá"
http://linkedgeodata.org/triplify/way290273672 		"Estrada do Rio Grande"
http://linkedgeodata.org/triplify/way290273767 		"Estrada do Rio Grande"
http://linkedgeodata.org/triplify/way290475310 		"Estrada do Rio Grande"
http://linkedgeodata.org/triplify/way290475313 		"Estrada do Rio Grande"
http://linkedgeodata.org/triplify/way290475316 		"Estrada do Rio Grande"
http://linkedgeodata.org/triplify/way290702311 		"Rua General Gustavo Cordeiro de Farias"
http://linkedgeodata.org/triplify/way291924335 		"Estrada do Rio Grande"
http://linkedgeodata.org/triplify/way292671780 		"Estrada do Pau Ferro"
http://linkedgeodata.org/triplify/way292976686 		"Rua Camatiá"
http://linkedgeodata.org/triplify/way295173414 		"Estrada do Campinho"
http://linkedgeodata.org/triplify/way315318703 		"Avenida José Luiz Ferraz"
http://linkedgeodata.org/triplify/way315406624 		"Avenida José Luiz Ferraz"
http://linkedgeodata.org/triplify/way315406625 		"Avenida José Luiz Ferraz"
http://linkedgeodata.org/triplify/way315408880 		"Avenida José Luiz Ferraz"
http://linkedgeodata.org/triplify/way315680826 		"Rua Francisco Mário"
http://linkedgeodata.org/triplify/way315680827 		"Rua Francisco Mário"
http://linkedgeodata.org/triplify/way315689172 		"Rua Guernica"
http://linkedgeodata.org/triplify/way315689174 		"Avenida José Luiz Ferraz"
http://linkedgeodata.org/triplify/way315689175 		"Avenida José Luiz Ferraz"
http://linkedgeodata.org/triplify/way322917237 		"Avenida das Américas"
http://linkedgeodata.org/triplify/way323348377 		"Estrada da Barra da Tijuca"
http://linkedgeodata.org/triplify/node2955384329 		"Rua Salinópolis"
http://linkedgeodata.org/triplify/node2977712925 		"Avenida Gomes Freire"
http://linkedgeodata.org/triplify/way169404587 		"Praça Mauá"
http://linkedgeodata.org/triplify/way196716675 		"Rua Paulo Cezar de Andrade"
http://linkedgeodata.org/triplify/way318290602 		"Estrada das Canoas"
http://linkedgeodata.org/triplify/way321746410 		"Estrada Roberto Burle Marx"
http://linkedgeodata.org/triplify/way323361933 		"Estrada do Cortume"
http://linkedgeodata.org/triplify/way332696671 		"Avenida Lúcio Costa"
http://linkedgeodata.org/triplify/node2622710264 		"Rua Fonte da Saudade"
http://linkedgeodata.org/triplify/way316897830 		"Avenida Rodrigues Alves"
http://linkedgeodata.org/triplify/node687072757 		"Rua Vinte e Quatro de Maio"
http://linkedgeodata.org/triplify/node712849018 		"Avenida Bartolomeu de Gusmão"
http://linkedgeodata.org/triplify/node712849021 		"Avenida Presidente Castelo Branco"
http://linkedgeodata.org/triplify/node712849023 		"Praça da Bandeira"
http://linkedgeodata.org/triplify/node712849026 		"Praça Cristiano Ottoni"
http://linkedgeodata.org/triplify/node823908912 		"Rua Nerval de Gouveia"
http://linkedgeodata.org/triplify/node823908918 		"Rua Vinte e Quatro de Maio"
http://linkedgeodata.org/triplify/node823908929 		"Rua Carolina Machado"
http://linkedgeodata.org/triplify/node823908966 		"Rua João Vicente"
http://linkedgeodata.org/triplify/node823909024 		"Rua João Vicente"
http://linkedgeodata.org/triplify/node823909055 		"Rua Manoel Vitorino"
http://linkedgeodata.org/triplify/node823909065 		"Avenida Suburbana"
http://linkedgeodata.org/triplify/node823909075 		"Rua Arquias Cordeiro"
http://linkedgeodata.org/triplify/node823909085 		"Rua Oito de Dezembro"
http://linkedgeodata.org/triplify/node823909091 		"Rua Ana Neri"
http://linkedgeodata.org/triplify/node823909099 		"Avenida Duque de Caxias"
http://linkedgeodata.org/triplify/node823909118 		"Rua Carolina Machado"
http://linkedgeodata.org/triplify/node823908896 		"Rua Coronel Tamarindo"
http://linkedgeodata.org/triplify/node823908904 		"Estrada da Ucrânia"
http://linkedgeodata.org/triplify/node823908910 		"Rua Campo Grande"
http://linkedgeodata.org/triplify/node823908935 		"Praça Campo de Marte"
http://linkedgeodata.org/triplify/node823908945 		"Estrada da Ucrânia"
http://linkedgeodata.org/triplify/node823908982 		"Rua Coronel Tamarindo"
http://linkedgeodata.org/triplify/node823908991 		"Rua São Pedro de Alcântara"
http://linkedgeodata.org/triplify/node823908998 		"Rua Coronel Tamarindo"
http://linkedgeodata.org/triplify/node823909046 		"Rua Coronel Tamarindo"
http://linkedgeodata.org/triplify/node823909050 		"Rua Campo Grande"
http://linkedgeodata.org/triplify/node823909071 		"Rua São Pedro de Alcântara"
http://linkedgeodata.org/triplify/node823909074 		"Rua Campo Grande"
http://linkedgeodata.org/triplify/node823909078 		"Avenida Nazaré"
http://linkedgeodata.org/triplify/node823909093 		"Estrada da Ucrânia"
http://linkedgeodata.org/triplify/node823909107 		"Rua Annes Dias"
http://linkedgeodata.org/triplify/node823909108 		"Rua Campo Grande"
http://linkedgeodata.org/triplify/node823909110 		"Avenida Nazaré"
http://linkedgeodata.org/triplify/node823909111 		"Rua Tenente Agenor de Brito"
http://linkedgeodata.org/triplify/node3014117015 		"Avenida das Américas"
http://linkedgeodata.org/triplify/node345954454 		"Rua das Laranjeiras"
http://linkedgeodata.org/triplify/node345954487 		"Rua das Laranjeiras"
http://linkedgeodata.org/triplify/node345954552 		"Rua das Laranjeiras"
http://linkedgeodata.org/triplify/node345987639 		"Rua das Laranjeiras"
http://linkedgeodata.org/triplify/node637607247 		"Rua do Ouvidor"
http://linkedgeodata.org/triplify/node1110773759 		"Rua Nelson Mandela"
http://linkedgeodata.org/triplify/node2384504584 		"Rua Barão de São Félix"
http://linkedgeodata.org/triplify/way121743607 		"Rua Visconde de Pirajá"
http://linkedgeodata.org/triplify/node1179637337 		"Rua Gonçalves Dias"
http://linkedgeodata.org/triplify/node1179637360 		"Rua Gonçalves Dias"
http://linkedgeodata.org/triplify/node1179637415 		"Rua Gonçalves Dias"
http://linkedgeodata.org/triplify/node1179637504 		"Rua Gonçalves Dias"
http://linkedgeodata.org/triplify/node1179637558 		"Rua Gonçalves Dias"
http://linkedgeodata.org/triplify/node1179637567 		"Rua Gonçalves Dias"
http://linkedgeodata.org/triplify/node1179637609 		"Rua Gonçalves Dias"
http://linkedgeodata.org/triplify/node1963006817 		"Rua Nelson Mandela"
http://linkedgeodata.org/triplify/node1963006909 		"Rua Nelson Mandela"
http://linkedgeodata.org/triplify/node1963028094 		"Rua Nelson Mandela"
http://linkedgeodata.org/triplify/node1963047348 		"Rua Nelson Mandela"
http://linkedgeodata.org/triplify/node2935858779 		"Rua Senador Dantas"
http://linkedgeodata.org/triplify/node2936286845 		"Avenida dos Mananciais"
http://linkedgeodata.org/triplify/node2936286847 		"Avenida dos Mananciais"
http://linkedgeodata.org/triplify/node2936286848 		"Avenida dos Mananciais"
http://linkedgeodata.org/triplify/node2954320340 		"Rua Salinópolis"
http://linkedgeodata.org/triplify/node2955384323 		"Avenida dos Mananciais"
http://linkedgeodata.org/triplify/node2955384325 		"Rua Salinópolis"
http://linkedgeodata.org/triplify/node2955384326 		"Rua Salinópolis"
http://linkedgeodata.org/triplify/node2955384331 		"Avenida dos Mananciais"
http://linkedgeodata.org/triplify/node2955384332 		"Rua Salinópolis"
http://linkedgeodata.org/triplify/node2955387033 		"Rua Salinópolis"
http://linkedgeodata.org/triplify/node2955387084 		"Rua Relvado"
http://linkedgeodata.org/triplify/node2955387099 		"Rua Relvado"
http://linkedgeodata.org/triplify/node2955387105 		"Rua Salinópolis"
http://linkedgeodata.org/triplify/node3301346393 	"Campo Grande" 	"Rua Amaral Costa" 	-22.9055 	-43.5611
http://linkedgeodata.org/triplify/node3301346404 	"Campo Grande" 	"Rua Ferreira Borges" 	-22.9019 	-43.5566
http://linkedgeodata.org/triplify/node3301346411 	"Campo Grande" 	"Rua Aurélio de Figueiredo" 	-22.9045 	-43.5565
http://linkedgeodata.org/triplify/node3301415874 	"Taquara" 	"Estrada dos Bandeirantes" 	-22.9267 	-43.3734
http://linkedgeodata.org/triplify/node3301821799 	"Campo Grande" 	"Rua Campo Grande" 	-22.9022 	-43.5622
http://linkedgeodata.org/triplify/node3322424966 	"Santa Cruz" 	"Rua Álvaro Alberto" 	-22.9138 	-43.6799
http://linkedgeodata.org/triplify/node3322433217 	"Santa Cruz" 	"Rua Lopes de Moura" 	-22.9182 	-43.684
http://linkedgeodata.org/triplify/node3325160471 	"Centro" 	"Avenida Treze de Maio" 	-22.909 	-43.1775
http://linkedgeodata.org/triplify/node3325392032 	"Vila Isabel" 	"Rua Oito de Dezembro" 	-22.909 	-43.2388
http://linkedgeodata.org/triplify/node3378071845 	"Barra da Tijuca" 	"Avenida das Américas" 	-22.9981 	-43.3515
http://linkedgeodata.org/triplify/node346243580 	"Laranjeiras" 	"Rua das Laranjeiras" 	-22.9337 	-43.186
